,year,region,liceses_d,geo_point,x,y
152,1993,Riyadh,103886,"23.0814341634, 45.5857512766",23.0814341634, 45.5857512766
186,1993,Makkah,65977,"21.628962766, 41.2636898334",21.628962766, 41.2636898334
325,1993,Qassim,73618,"26.1967063704, 43.3429998455",26.1967063704, 43.3429998455
