,year,region,liceses_d,geo_point,x,y
1,1994,Makkah,75349,"21.628962766, 41.2636898334",21.628962766, 41.2636898334
89,1994,Qassim,68916,"26.1967063704, 43.3429998455",26.1967063704, 43.3429998455
154,1994,Riyadh,110545,"23.0814341634, 45.5857512766",23.0814341634, 45.5857512766
