,year,region,liceses_d,geo_point,x,y
14,1995,Qassim,49690,"26.1967063704, 43.3429998455",26.1967063704, 43.3429998455
153,1995,Riyadh,101608,"23.0814341634, 45.5857512766",23.0814341634, 45.5857512766
187,1995,Makkah,60356,"21.628962766, 41.2636898334",21.628962766, 41.2636898334
