,year,region,liceses_d,geo_point,x,y
15,1996,Qassim,42693,"26.1967063704, 43.3429998455",26.1967063704, 43.3429998455
156,1996,Riyadh,110131,"23.0814341634, 45.5857512766",23.0814341634, 45.5857512766
299,1996,Makkah,46195,"21.628962766, 41.2636898334",21.628962766, 41.2636898334
