,year,region,liceses_d,geo_point,x,y
70,1997,Riyadh,92145,"23.0814341634, 45.5857512766",23.0814341634, 45.5857512766
74,1997,Makkah,76623,"21.628962766, 41.2636898334",21.628962766, 41.2636898334
260,1997,Eastern Region,58814,"23.2883307307, 50.1478302439",23.2883307307, 50.1478302439
