,year,region,liceses_d,geo_point,x,y
2,1998,Makkah,86082,"21.628962766, 41.2636898334",21.628962766, 41.2636898334
294,1998,Riyadh,114962,"23.0814341634, 45.5857512766",23.0814341634, 45.5857512766
334,1998,Eastern Region,70650,"23.2883307307, 50.1478302439",23.2883307307, 50.1478302439
