,year,region,liceses_d,geo_point,x,y
66,1999,Riyadh,100291,"23.0814341634, 45.5857512766",23.0814341634, 45.5857512766
75,1999,Makkah,103535,"21.628962766, 41.2636898334",21.628962766, 41.2636898334
333,1999,Eastern Region,64973,"23.2883307307, 50.1478302439",23.2883307307, 50.1478302439
