,year,region,liceses_d,geo_point,x,y
76,2000,Makkah,87053,"21.628962766, 41.2636898334",21.628962766, 41.2636898334
198,2000,Eastern Region,65767,"23.2883307307, 50.1478302439",23.2883307307, 50.1478302439
243,2000,Riyadh,45345,"23.0814341634, 45.5857512766",23.0814341634, 45.5857512766
