,year,region,liceses_d,geo_point,x,y
188,2001,Makkah,85593,"21.628962766, 41.2636898334",21.628962766, 41.2636898334
199,2001,Eastern Region,74119,"23.2883307307, 50.1478302439",23.2883307307, 50.1478302439
