,year,region,liceses_d,geo_point,x,y
197,2002,Eastern Region,85035,"23.2883307307, 50.1478302439",23.2883307307, 50.1478302439
295,2002,Riyadh,25423,"23.0814341634, 45.5857512766",23.0814341634, 45.5857512766
318,2002,Makkah,88593,"21.628962766, 41.2636898334",21.628962766, 41.2636898334
