,year,region,liceses_d,geo_point,x,y
242,2003,Riyadh,26076,"23.0814341634, 45.5857512766",23.0814341634, 45.5857512766
261,2003,Eastern Region,82697,"23.2883307307, 50.1478302439",23.2883307307, 50.1478302439
319,2003,Makkah,74236,"21.628962766, 41.2636898334",21.628962766, 41.2636898334
