,year,region,liceses_d,geo_point,x,y
3,2004,Makkah,86636,"21.628962766, 41.2636898334",21.628962766, 41.2636898334
297,2004,Riyadh,23479,"23.0814341634, 45.5857512766",23.0814341634, 45.5857512766
335,2004,Eastern Region,84984,"23.2883307307, 50.1478302439",23.2883307307, 50.1478302439
