,year,region,liceses_d,geo_point,x,y
4,2005,Makkah,65099,"21.628962766, 41.2636898334",21.628962766, 41.2636898334
67,2005,Riyadh,23245,"23.0814341634, 45.5857512766",23.0814341634, 45.5857512766
336,2005,Eastern Region,82505,"23.2883307307, 50.1478302439",23.2883307307, 50.1478302439
