,year,region,liceses_d,geo_point,x,y
77,2006,Makkah,66967,"21.628962766, 41.2636898334",21.628962766, 41.2636898334
200,2006,Eastern Region,79517,"23.2883307307, 50.1478302439",23.2883307307, 50.1478302439
244,2006,Riyadh,36059,"23.0814341634, 45.5857512766",23.0814341634, 45.5857512766
