,year,region,liceses_d,geo_point,x,y
201,2007,Eastern Region,106511,"23.2883307307, 50.1478302439",23.2883307307, 50.1478302439
296,2007,Riyadh,36261,"23.0814341634, 45.5857512766",23.0814341634, 45.5857512766
320,2007,Makkah,91902,"21.628962766, 41.2636898334",21.628962766, 41.2636898334
