,year,region,liceses_d,geo_point,x,y
5,2008,Makkah,77013,"21.628962766, 41.2636898334",21.628962766, 41.2636898334
202,2008,Eastern Region,104626,"23.2883307307, 50.1478302439",23.2883307307, 50.1478302439
245,2008,Riyadh,36798,"23.0814341634, 45.5857512766",23.0814341634, 45.5857512766
