,year,region,liceses_d,geo_point,x,y
78,2009,Makkah,112045,"21.628962766, 41.2636898334",21.628962766, 41.2636898334
262,2009,Eastern Region,108544,"23.2883307307, 50.1478302439",23.2883307307, 50.1478302439
298,2009,Riyadh,38014,"23.0814341634, 45.5857512766",23.0814341634, 45.5857512766
