,year,region,liceses_d,geo_point,x,y
73,2010,Makkah,113531,"21.628962766, 41.2636898334",21.628962766, 41.2636898334
87,2010,Qassim,36737,"26.1967063704, 43.3429998455",26.1967063704, 43.3429998455
241,2010,Riyadh,31378,"23.0814341634, 45.5857512766",23.0814341634, 45.5857512766
257,2010,Eastern Region,110295,"23.2883307307, 50.1478302439",23.2883307307, 50.1478302439
