,year,region,liceses_d,geo_point,x,y
95,2011,Eastern Region,151087,"23.2883307307, 50.1478302439",23.2883307307, 50.1478302439
246,2011,Makkah,110647,"21.628962766, 41.2636898334",21.628962766, 41.2636898334
