,year,region,liceses_d,geo_point,x,y
0,2012,Makkah,143954,"21.628962766, 41.2636898334",21.628962766, 41.2636898334
96,2012,Eastern Region,129971,"23.2883307307, 50.1478302439",23.2883307307, 50.1478302439
