,year,region,liceses_d,geo_point,x,y
65,2013,Riyadh,165994,"23.0814341634, 45.5857512766",23.0814341634, 45.5857512766
69,2013,Makkah,131108,"21.628962766, 41.2636898334",21.628962766, 41.2636898334
195,2013,Eastern Region,123325,"23.2883307307, 50.1478302439",23.2883307307, 50.1478302439
