,year,region,liceses_d,geo_point,x,y
72,2014,Makkah,149234,"21.628962766, 41.2636898334",21.628962766, 41.2636898334
155,2014,Riyadh,194208,"23.0814341634, 45.5857512766",23.0814341634, 45.5857512766
255,2014,Eastern Region,121774,"23.2883307307, 50.1478302439",23.2883307307, 50.1478302439
