,year,region,liceses_d,geo_point,x,y
16,2015,Eastern Region,135752,"23.2883307307, 50.1478302439",23.2883307307, 50.1478302439
17,2015,Asir,38567,"19.1387847401, 42.941470036",19.1387847401, 42.941470036
68,2015,Makkah,157389,"21.628962766, 41.2636898334",21.628962766, 41.2636898334
