,year,region,liceses_d,geo_point,x,y
158,2016,Makkah,136055,"21.628962766, 41.2636898334",21.628962766, 41.2636898334
215,2016,Hail,54507,"27.400845724, 41.4406960508",27.400845724, 41.4406960508
256,2016,Eastern Region,142307,"23.2883307307, 50.1478302439",23.2883307307, 50.1478302439
293,2016,Riyadh,242851,"23.0814341634, 45.5857512766",23.0814341634, 45.5857512766
