,year,region,liceses_d,geo_point,x,y
94,2017,Eastern Region,126816,"23.2883307307, 50.1478302439",23.2883307307, 50.1478302439
157,2017,Makkah,142487,"21.628962766, 41.2636898334",21.628962766, 41.2636898334
292,2017,Riyadh,495307,"23.0814341634, 45.5857512766",23.0814341634, 45.5857512766
